id,title,author,authors,isbn10,format,publisher,pubdate,pages
1,Opening Spaces: An Anthology of Contemporary African Women's Writing,Yvonne Vera,"Yvonne Vera (Editor), Yvonne Vera",435910108,Paperback,Heinemann,Sep-99,186
2,The Caine Prize for African Writing 2010: 11th Annual Collection,The Caine Prize for African Writing,The Caine Prize for African Writing,1906523371,Paperback,New Internationalist,Aug-10,208
3,African Folktales,Roger D. Abrahams,"Roger D. Abrahams, Dan Frank",394721179,Paperback,Knopf Doubleday Publishing Group,Aug-83,
4,Unchained Voices: An Anthology of Black Authors in the English-Speaking World of the Eighteenth Century,Vincent Carretta,Vincent Carretta,813190762,Paperback,University Press of Kentucky,Dec-03,416
5,Women Writing Africa: West Africa and the Sahel,Esi Sutherland-Addy,"Esi Sutherland-Addy (Editor), Abena P. A. Busia (Editor), Aminata Diaw",1558615008,Paperback,"Feminist Press at CUNY, The",Aug-05,560
6,"10 Years of the Caine Prize for African Writing: Plus Coetzee, Gordimer, Achebe, Okri",The Caine The Caine Prize for African Writing,The Caine The Caine Prize for African Writing,190652324X,Hardcover,New Internationalist,Sep-09,
7,Introduction to African Oral Literature and Performance,Bayo Ogunjimi,"Bayo Ogunjimi, Abdul Rasheed Na'allah",1592211518,Hardcover,Africa World Press,Feb-06,146
8,Violence in Francophone African and Caribbean Women's Literature,Marie-Chantal Kalisa,Marie-Chantal Kalisa,803211023,Hardcover,UNP - Nebraska,Dec-09,236
9,Oral Epics from Africa,John William Johnson,"John William Johnson, Thomas A. Hale, Stephen (Eds.) Belcher, Thomas A. Hale (Editor), Stephen Belcher",253211107,Paperback,Indiana University Press,Mar-08,
10,African Fundamentalism: A Literary and Cultural Anthology of Garvey's Harlem Renaissance,Tony Martin,Tony Martin,912469099,Hardcover,"Majority Press, Incorporated, The",Oct-91,363
11,Land Apart: A South African Reader,Various,"Various, Andre Brink, J. M. Coetzee",140100040,Paperback,Penguin Group (USA),Jun-87,256
12,Women Writing Africa: The Eastern Region,Amandina Lihamba,"Amandina Lihamba (Editor), Fulata L. Moyo (Editor), Mugaybuso M. Mulokozi",1558615342,Paperback,"Feminist Press at CUNY, The",Feb-07,
13,Nobody Ever Said AIDS: Poems and Stories from Southern Africa,Nobantu Rasebotsa,"Nobantu Rasebotsa (Editor), Kylie Thomas (Editor), Meg Samuelson (Editor), Njabulo S. Ndebele",795701845,Paperback,NB Publishers,Mar-10,192
14,Step into a World: A Global Anthology of the New Black Literature,Kevin Powell,"Kevin Powell (Editor), Powell",471380601,Hardcover,"Wiley, John & Sons, Incorporated",Oct-00,496
15,An Anthology of Interracial Literature: Black-White Contacts in the Old World and the New,Werner Sollors,"Werner Sollors, Werner Sollors",814781438,Hardcover,New York University Press,Feb-04,
16,The Caine Prize 2009: The Caine Prize for African Writing 10th Annual Collection,New Internationalist,New Internationalist,1906523142,Paperback,New Internationalist,Jul-09,214
17,"Traditions in World Literature: Literature of Africa, Softcover Student Edition",McGraw-Hill,"McGraw-Hill, McGraw-Hill Staff",844212024,Paperback,Glencoe/McGraw-Hill,Jan-99,320
18,Love Child,Gcina Mhlophe,Gcina Mhlophe,186914001X,Paperback,University Of KwaZulu-Natal Press,Mar-02,124
19,Seventh Street Alchemy 2004: A Selection of Works from the Caine Prize for African Writing,Jacana Media,"Jacana Media (Manufactured by), Monica Arac de Nyeko, Doreen Baingana, Parselelo Kantai",1770091459,Paperback,Jacana Media,Jun-06,228
20,Women Writing Africa: The Southern Region: Volume 1,Sheila Meintjes,"Sheila Meintjes, Dorothy Driver (Editor), Sheila Meintjes (Editor), Margie Orford (Editor), Chiedza Musengezi",1558614060,Library Binding,"Feminist Press at CUNY, The",Dec-02,560
21,Of Suffocated Hearts and Tortured Souls: Seeking Subjecthood through Madness in Francophone Women's,ValZrie Orlando,"ValZrie Orlando, Valzrie Orlando, Valrie Orlando",739105620,Hardcover,The Rowman & Littlefield Publishing Group Inc,Dec-02,218
22,Less Than One and Double: A Feminist Reading of African Women's Writing,Kenneth W. Harrow,Kenneth W. Harrow,325070253,Hardcover,Heinemann,Nov-01,384
23,The Rienner Anthology of African Literature,Anthonia C. Kalu,Anthonia C. Kalu,1588264912,Library Binding,"Lynne Rienner Publishers, Inc.",Apr-07,900
24,Oral and Written Expressions of African Cultures,Toyin Falola,"Toyin Falola, Fallou Ngom",1594606471,Paperback,Carolina Academic Press,Mar-09,264
25,Jambula Tree and other stories: The Caine Prize for African Writing 8th Annual Collection,Monica Arac de Nyeko,Monica Arac de Nyeko,1904456731,Paperback,New Internationalist,Jul-08,214
26,Up the Down Escalator,Linda Rode,"Linda Rode, Hans Bodenstein",795701063,Paperback,NB Publishers,Mar-10,
27,Basali!: Stories by and about Women in Lesotho,K. Limakatso Kendall,K. Limakatso Kendall,869809180,Paperback,University of Natal Press,Feb-95,136
28,How God Fix Jonah,Lorenz Graham,"Lorenz Graham, Ashley Bryan (Illustrator), Effie Lee Morris",1563976986,Hardcover,Boyds Mills Press,Oct-00,160
29,Glass Jars among Trees,Arja Salafranca,"Arja Salafranca (Editor), Alan Finlay",1919931236,Paperback,Jacana Media,Apr-05,188
30,Running Towards Us: New Writing from South Africa,Isabel Balseiro,"Isabel Balseiro (Editor), Isabel Balseiro",325002118,Paperback,Heinemann,May-00,216
31,Of Suffocated Hearts And Tortured Souls,Valerie Key Orlando,Valerie Key Orlando,739105639,Paperback,Lexington Books,Dec-02,
32,An Anthology of Interracial Literature: Black-White Contacts in the Old World and the New,Werner Sollors,"Werner Sollors (Editor), Werner Sollors",814781446,Paperback,New York University Press,Feb-04,
33,Among the Blacks,Ron Padgett,"Ron Padgett, Raymond Roussel",939691027,Paperback,Avenue B,Oct-88,64
34,The Daily Show with Jon Stewart Presents Earth (the Book): A Visitor's Guide to the Human Race,Jon Stewart,Jon Stewart,044657922X,Hardcover,Grand Central Publishing,Sep-10,244
35,The Best American Nonrequired Reading 2010,Dave Eggers,"Dave Eggers (Editor), David Sedaris",547241631,Paperback,Houghton Mifflin Harcourt,Oct-10,484
36,The Daily Show with Jon Stewart Presents Earth (the Book): A Visitor's Guide to the Human Race,Jon Stewart,Jon Stewart,1607886154,Compact Disc,Hachette Audio,Oct-10,
37,100 Best-Loved Poems,Philip Smith,Philip Smith,486285537,Paperback,Dover Publications,May-95,96
38,"The Norton Anthology of American Literature, Shorter Seventh Edition, One-Volume Paperback",Wayne Franklin,"Wayne Franklin (Editor), Jerome Klinkowitz (Editor), Mary Loeffelholz (Editor), Arnold Krupat (Editor), Philip F. Gura",393930572,Paperback,"Norton, W. W. & Company, Inc.",Jul-07,3008
39,The Best American Poetry 2009,David Wagoner,"David Wagoner (Editor), David Lehman",161552164X,Paperback,Simon & Schuster Adult Publishing Group,Sep-09,
40,The Oxford Book of American Short Stories,Joyce Carol Oates,Joyce Carol Oates,195092627,Paperback,"Oxford University Press, USA",Sep-94,
41,The Best American Essays 2009,Mary Oliver,"Mary Oliver (Editor), Robert Atwan (Editor), Mary Oliver",618982728,Paperback,Houghton Mifflin Harcourt,Oct-09,224
42,"The Norton Anthology of American Literature, Package 2: Volumes C, D, and E",Jerome Klinkowitz,"Jerome Klinkowitz (Editor), Robert Levine (Editor), Mary Loeffelholz (Editor), Arnold Krupat (Editor), Patricia Wallace",393929949,Paperback,"Norton, W. W. & Company, Inc.",Apr-07,2870
43,Early African American Classics (Barnes &amp; Noble Classics Series),Barnes &amp; Noble,Barnes & Noble,1400500281,Paperback,Barnes & Noble,Oct-08,
44,"African-American Poetry: An Anthology, 1773-1930",Joan R. Sherman,Joan R. Sherman,486296040,Paperback,Dover Publications,Jul-97,96
45,Couldn't Keep It to Myself: Testimonies from Our Imprisoned Sisters,Wally Lamb,"Wally Lamb, Diane Bartholomew, Nancy Birkla, Robin Cullen, Brenda Medina",006059537X,Paperback,HarperCollins Publishers,Feb-04,368
46,"The Norton Anthology of Poetry, Shorter 5th Edition",Margaret Ferguson,"Margaret Ferguson (Editor), Jon Stallworthy (Editor), Mary Jo Salter (Editor), Mary Jo Salter (Editor), Jon Stallworthy",393979210,Paperback,"Norton, W. W. & Company, Inc.",Dec-04,1424
47,The Best American Poetry 2010,Amy Gerstler,"Amy Gerstler (Editor), David Lehman",1439181454,Paperback,Simon & Schuster Adult Publishing Group,Sep-10,229
48,"Classic Slave Narratives: The Life of Olaudah Equiano, The History of Mary Prince, Narrative of the Life of Frederick Douglass, Incidents in the Life of a Slave Girl",Henry Louis Gates Jr.,"Henry Louis Gates Jr. (Editor), Frederick Douglass, Olaudah Equiano, Harriet Jacobs, Mary Prince",451528247,Mass Market Paperback,Penguin Group (USA),Jan-02,688
49,The Best American Nonrequired Reading 2009,Dave Eggers,"Dave Eggers (Editor), Marjane Satrapi",547241607,Paperback,Houghton Mifflin Harcourt,Oct-09,432
50,In Fact: The Best of Creative Nonfiction,Lee Gutkind,"Lee Gutkind (Editor), Annie Dillard",393326659,Paperback,"Norton, W. W. & Company, Inc.",Nov-04,480
51,The Best American Essays of the Century,Joyce Carol Oates,"Joyce Carol Oates, Robert Atwan",618155872,Paperback,Houghton Mifflin Harcourt,Oct-01,624
52,The Best Loved Poems of the American People,Hazel Felleman,"Hazel Felleman (Selected by), Edward Frank Allen (Introduction), Hazel Felleman",385000197,Hardcover,Knopf Doubleday Publishing Group,Oct-36,670
53,The Norton Anthology of American Literature: Volume A: Beginnings to 1820,Wayne Franklin,"Wayne Franklin (Editor), Jerome Klinkowitz (Editor), Arnold Krupat (Editor), Philip F. Gura (Editor), Bruce Michelson",393927393,Paperback,"Norton, W. W. & Company, Inc.",Apr-07,972
54,The Norton Anthology of Poetry,Margaret Ferguson,"Margaret Ferguson, Jon Stallworthy, Mary Jo Salter, Jon Stallworthy (Editor), Mary Jo Salter",393979202,Paperback,"Norton, W. W. & Company, Inc.",Dec-04,2256
55,"The Norton Anthology of African American Literature, Vol. 2",Henry Louis Gates Jr.,"Henry Louis Gates Jr. (Editor), Nellie Y. McKay",393977781,Paperback,"Norton, W. W. & Company, Inc.",Dec-03,2832
56,"Poems, Poets, Poetry: An Introduction and Anthology",Helen Vendler,Helen Vendler,312463197,Paperback,Bedford/St. Martin's,Oct-09,752
57,The Poets Laureate Anthology,Elizabeth Hun Schmidt,"Elizabeth Hun Schmidt, Library of Congress Staff (With), Billy Collins",393061817,Hardcover,"Norton, W. W. & Company, Inc.",Oct-10,816
58,The Portable Beat Reader,Various,"Various, Ann Charters",142437530,Paperback,Penguin Group (USA),Jul-03,
59,The Best American Short Plays 2008-2009,Barbara Parisi,Barbara Parisi,1557837600,Paperback,Applause Theatre Book Publishers,Oct-10,356
60,The Gift of Love,Lori Foster,"Lori Foster, Gia Dawn, Ann Christopher, Lisa Cooke, Heidi Betts",425234282,Paperback,Penguin Group (USA),Jun-10,368
61,One Hundred and One Famous Poems (Barnes &amp; Noble Library of Essential Reading),Roy J. Cook,Roy J. Cook,1435114760,Paperback,Barnes & Noble,Feb-09,
62,The Vintage Book of Contemporary American Poetry,J. D. McClatchy,J. D. McClatchy,1400030935,Paperback,Knopf Doubleday Publishing Group,Apr-03,656
63,Literature: A Pocket Anthology,R. S. Gwynn,R. S. Gwynn,205655106,Paperback,Longman,Jan-09,
64,I'll Fly Away: Further Testimonies from the Women of York Prison,Wally Lamb,"Wally Lamb, I'll Fly Away Contributors",61626392,Paperback,HarperCollins Publishers,Oct-08,288
65,American Earth: Environmental Writing Since Thoreau,Bill McKibben,"Bill McKibben (Editor), Al Gore",1598530208,Hardcover,Library of America,Apr-08,900
66,Best Poems of the English Language: From Chaucer Through Robert Frost,Harold Bloom,Harold Bloom,60540427,Paperback,HarperCollins Publishers,Aug-07,1008
67,Humor Me: An Anthology of Funny Contemporary Writing (Plus Some Great Old Stuff Too),Ian Frazier,Ian Frazier,61728942,Hardcover,HarperCollins Publishers,May-10,
68,Coming of Age in America: A Multicultural Anthology,Mary Frosch,"Mary Frosch, Gary Soto",1565841476,Paperback,"New Press, The",Sep-07,288
69,"Three African-American Classics: Up from Slavery, The Souls of Black Folk and Narrative of the Life of Frederick Douglass",Booker T. Washington,"Booker T. Washington, Frederick Douglass, W.E.B. Du Bois, W. E. Du Bois",486457575,Paperback,Dover Publications,Feb-07,448
70,100 Best African American Poems with CD,Nikki Giovanni,Nikki Giovanni,1402221118,Other Format,"Sourcebooks, Incorporated",Nov-10,256
71,Six American Poets: An Anthology,Joel Conarroe,Joel Conarroe,679745254,Paperback,Knopf Doubleday Publishing Group,Dec-93,320
72,Norton Anthology of Literature by Women: The Traditions in English,Sandra M. Gilbert,"Sandra M. Gilbert (Editor), Norton, Susan Gubar, Susan Gubar",393930157,Paperback,"Norton, W. W. & Company, Inc.",Feb-07,2452
73,Multicultural Children's Literature: Through the Eyes of Many Children,Donna E. Norton,Donna E. Norton,135145287,Paperback,Prentice Hall,Mar-08,
74,The Voice That Is Great within Us: American Poetry of the Twentieth Century,Hayden Carruth,"Hayden Carruth, Susan Kagen Podell",553262637,Mass Market Paperback,Random House Publishing Group,Sep-83,768
75,Poems That Touch the Heart,A.L. Alexander,"A.L. Alexander, A. L. Alexander (Introduction), A. L. Alexander",385044011,Hardcover,Knopf Doubleday Publishing Group,Oct-84,464
76,I Thought My Father Was God: And Other True Tales from NPR's National Story Project,Paul Auster,"Paul Auster, Nelly Reifler",312421001,Paperback,Picador,Sep-02,416
77,Listening For God Rdr Vol 4,Paula J. Carlson,"Paula J. Carlson (Editor), Peter S. Hawkins",806645776,Paperback,"Augsburg Fortress, Publishers",Jan-03,164
78,The American Tradition in Literature (concise) book alone,George Perkins,"George Perkins, Barbara Perkins",73384895,Paperback,"McGraw-Hill Companies, The",Nov-08,2352
79,"Approaching Literature: Writing, Reading, Thinking",Peter Schakel,"Peter Schakel, Jack Ridl",312452837,Paperback,Bedford/St. Martin's,Dec-07,1696
80,The Norton Anthology of American Literature: Volume C: 1865-1914,Arnold Krupat,"Arnold Krupat (Editor), Jerome Klinkowitz (Editor), Mary Loeffelholz (Editor), Philip F. Gura (Editor), Bruce Michelson",393927415,Paperback,"Norton, W. W. & Company, Inc.",Apr-07,1094
81,American Fantastic Tales Boxed Set,Peter Straub,Peter Straub,1598530593,Hardcover,Library of America,Oct-09,1500
82,Unsettling America: An Anthology of Contemporary Multicultural Poetry,Maria Mazziotti Gillan,"Maria Mazziotti Gillan (Editor), Jennifer Gillan",014023778X,Paperback,Penguin Group (USA),Nov-94,432
83,"Listening For God Reader, Vol 1",Paula J. Carlson,"Paula J. Carlson (Editor), Peter S. Hawkins (Editor), Peter S. Hawkins",806627158,Paperback,"Augsburg Fortress, Publishers",Aug-94,164
84,Concise Anthology of American Literature,James Leonard,"James Leonard, David Bradley, George McMichael, Dana Nelson, Shelley Fisher Fishkin",205763103,Paperback,Prentice Hall,Jan-10,2368
85,"The Heath Anthology of American Literature: Contemporary Period (1945 To The Present), Volume E",Paul Lauter,"Paul Lauter, Richard Yarborough, John Alberti, Mary Pat Brady, Jackson Bryer",054720180X,Paperback,Cengage Learning,Mar-09,3612
86,The Portable Harlem Renaissance Reader,David Lewis,"David Lewis, David Levering Lewis",140170367,Paperback,Penguin Group (USA),Jun-95,816
87,American Short Stories,Bert Hitchcock,Bert Hitchcock,321484894,Hardcover,Longman,Oct-07,760
88,Great Love Poems,Shane Weller,Shane Weller,486272842,Paperback,Dover Publications,Oct-92,128
89,"The Harper American Literature, Single Volume Edition",Donald McQuade,"Donald McQuade, Justin Kaplan, Martha Banta",321012690,Hardcover,Longman,Dec-98,2867
90,The Latino Reader: An American Literary Tradition from 1542 to the Present,Margarite Fernandez Olmos,"Margarite Fernandez Olmos (Editor), Harold Augenbraum",395765285,Paperback,Houghton Mifflin Harcourt,Mar-97,528
91,Black Nature,Camille T. Dungy,Camille T. Dungy,820334316,Paperback,University of Georgia Press,Dec-09,432
92,Anthology of American Literature Volume II,George McMichael,"George McMichael, James Leonard, James S. Leonard",132216477,Paperback,Prentice Hall,Jan-07,
93,Best Remembered Poems,Martin Gardner,"Martin Gardner (Editor), Martin Gardner",048627165X,Paperback,Dover Publications,Dec-92,224
94,Nine Plays of the Modern Theater: Waiting for Godot; The Visit; Tango; The Caucasian Chalk Circle; The Balcony; Rhinoceros; American Buffalo; The Birthday Party; Rosencrantz and Guildenstern are Dead,Harold Clurman,Harold Clurman,802150322,Paperback,"Grove/Atlantic, Inc.",Jan-94,912
95,"The Norton Anthology of Literature by Women: The Traditions in English, Vol. 2",Sandra M. Gilbert,"Sandra M. Gilbert (Editor), Susan Gubar",393930149,Hardcover,"Norton, W. W. & Company, Inc.",Feb-07,
96,Writing New York: A Literary Anthology,Phillip Lopate,Phillip Lopate,1598530216,Paperback,Library of America,Jan-08,1050
97,The Best American Essays 2009,Mary Oliver,"Mary Oliver (Editor), Robert Atwan (Editor), Mary Oliver",1616836865,Paperback,Houghton Mifflin Harcourt,Oct-09,
98,The Hudson River Valley Reader,Edward C. Goodman,Edward C. Goodman,1616823763,Hardcover,Cider Mill Press,Mar-09,
99,The Best American Poetry 2009,David Wagoner,"David Wagoner (Editor), David Lehman",743299779,Paperback,Simon & Schuster Adult Publishing Group,Sep-09,240
100,Sudden Fiction Latino: Short-Short Stories from the United States and Latin America,Robert Shapard,"Robert Shapard (Editor), James Thomas (Editor), Luisa Valenzuela",039333645X,Paperback,"Norton, W. W. & Company, Inc.",Mar-10,336
101,I Am the Darker Brother: An Anthology of Modern Poems by African Americans,Arnold Adoff,Arnold Adoff,689808690,Mass Market Paperback,Simon & Schuster Children's Publishing,Jan-97,192
102,Classic American Autobiographies,William L. Andrews,"William L. Andrews, William L. Andrews",451529154,Mass Market Paperback,Penguin Group (USA),Nov-03,464
103,Mental Floss: Scatterbrained,Editors Of Mental Floss,"Editors Of Mental Floss, Gre, Ransom Riggs, Will Hickman, John Green",60882506,Paperback,HarperCollins Publishers,Jul-06,256
104,The Portable Sixties Reader,Ann Charters,"Ann Charters, Various",142001945,Paperback,Penguin Group (USA),Dec-02,672
105,Modern American Memoirs,Annie Dillard,"Annie Dillard, Cort Conley",60927631,Paperback,HarperCollins Publishers,Oct-96,464
106,Best American Spiritual Writing 2007,Philip Zaleski,"Philip Zaleski, Harvey Cox",641974124,Paperback,Houghton Mifflin Company,Oct-07,
107,The Norton Anthology of American Literature: Volume D: 1914-1945,Jerome Klinkowitz,"Jerome Klinkowitz (Editor), Mary Loeffelholz (Editor), Arnold Krupat (Editor), Philip F. Gura (Editor), Bruce Michelson",393927423,Paperback,"Norton, W. W. & Company, Inc.",Apr-07,910
108,Making Literature Matter: An Anthology for Readers and Writers,John Schilb,"John Schilb, John Clifford",312474911,Paperback,Bedford/St. Martin's,Aug-08,
109,"Luis Valdez - Early Works: Actos, Bernabe and Pensamiento Serpentino",Luis Valdez,"Luis Valdez, Teatro Campesino",1558850031,Hardcover,Arte Publico Press,Jan-90,189
110,In Our Own Words: Student Writers at Work,Rebecca Mlynarczyk,"Rebecca Mlynarczyk, Steven B. Haber",521540283,Paperback,Cambridge University Press,Apr-05,288
111,Touch,Toni Press-Coffman,Toni Press-Coffman,822220555,Paperback,"Dramatists Play Service, Incorporated",Nov-05,51
112,"The American Tradition in Literature, Volume 1(book alone)",George Perkins,"George Perkins, Barbara Perkins",77239040,Paperback,"McGraw-Hill Companies, The",Oct-08,2040
113,The Four Seasons: Poems,J. D. McClatchy,J. D. McClatchy,307268349,Hardcover,Knopf Doubleday Publishing Group,Jun-08,256
114,The American Stage: Writing on Theater from Washington Irving to Tony Kushner,Lawrence Senelick,"Lawrence Senelick (Editor), John Lithgow",1598530690,Hardcover,Library of America,Apr-10,850
115,Bum Rush the Page: A Def Poetry Jam,Tony Medina,"Tony Medina, Louis Reyes Rivera (Editor), Sonia Sanchez",609808400,Paperback,Crown Publishing Group,Oct-01,320
116,The Outlaw Bible of American Literature,Alan Kaufmann,"Alan Kaufmann (Editor), Barney Rosset (Editor), Neil Ortenberg",1560255501,Paperback,Basic Books,Dec-04,920
117,Mother California: A Story of Redemption Behind Bars,Kenneth E. Hartman,Kenneth E. Hartman,1934633941,Paperback,Atlas & Co.,Sep-10,
118,The Best American Short Stories 2003,Walter Mosley,"Walter Mosley (Editor), Katrina Kenison",618197338,Paperback,Houghton Mifflin Harcourt,Oct-03,386
119,Spider Woman's Granddaughters: Traditional Tales and Contemporary Writing by Native American Women,Paula Gunn Allen,Paula Gunn Allen,044990508X,Paperback,Random House Publishing Group,May-90,288
120,Transforming a Rape Culture,Emilie Buchwald,"Emilie Buchwald (Editor), Martha Roth (Editor), Pamela R. Fletcher (Editor), Pamela Fletcher",1571312692,Paperback,Milkweed Editions,Aug-04,424
121,American Food Writing: An Anthology with Classic Recipes,Molly O'Neill,Molly O'Neill,1598530410,Paperback,Library of America,Jan-09,
122,Baseball: A Literary Anthology,Nicholas Dawidoff,Nicholas Dawidoff,193108209X,Hardcover,Library of America,Feb-02,721
123,Loving in the War Years: Lo que nunca paso por sus labios,Cherrie Moraga,Cherrie Moraga,896086267,Paperback,South End Press,Sep-00,264
124,Don't Squat With Your Spurs On: A Cowboy's Guide to Life,Texas Bix Bender,Texas Bix Bender,142360699X,Paperback,"Smith, Gibbs Publisher",Oct-09,128
125,Listening For God Reader Volume 3,Paula J. Carlson,"Paula J. Carlson (Editor), Peter S. Hawkins",806639628,Paperback,"Augsburg Fortress, Publishers",Feb-00,160
126,Fierce Pajamas: An Anthology of Humor Writing from the New Yorker,David Remnick,"David Remnick (Editor), Henry Finder",375761276,Paperback,Random House Publishing Group,Oct-02,528
127,The Top 500 Poems,William Harmon,William Harmon,023108028X,Hardcover,Columbia University Press,Jan-92,1132
128,True Crime: An American Anthology,Harold Schechter,Harold Schechter,1598530313,Hardcover,Library of America,Sep-08,900
129,"I Am Not My Breast Cancer: Women Talk Openly about Love and Sex, Hair Loss and Weight Gain, Mothers and Daughters, and Being a Woman with Breast Cancer",Ruth Peltason,"Ruth Peltason, Peter I. Pressman",61174076,Paperback,HarperCollins Publishers,Sep-08,
130,African American Literature (Penguin Academics Series),Keith Gilyard,"Keith Gilyard, Anissa Wardi, Anissa Wardi, Keith Gilyard",321113411,Paperback,Longman,Jan-04,1376
131,"Anthology of American Literature, Volume I",George McMichael,"George McMichael, David Bradley, Shelley Fisher Fishkin, Dana D. Nelson, James S. Leonard",205779395,Paperback,Longman,Jul-10,2256
132,"The Heath Anthology of American Literature: Modern Period (1910?1945), Volume D",Kirk Curnutt,"Kirk Curnutt, Paul Lauter, Jackson Bryer, Richard Yarborough, John Alberti",054720194X,Paperback,Cengage Learning,Feb-09,1138
133,Poems of New York,Elizabeth Schmidt,"Elizabeth Schmidt (Editor), Kevin Young",375415041,Hardcover,Knopf Doubleday Publishing Group,Aug-02,256
134,American Dreams,Sapphire,Sapphire,679767991,Paperback,Knopf Doubleday Publishing Group,Jun-96,192
135,"Black Theatre USA, V2: Plays by African Americans 1935-Today, Vol. 2",Ted Shine,"Ted Shine, Ted Shine, James Vernon Hatch, James V. Hatch (Editor), Ted Shine",684823071,Hardcover,Simon & Schuster Adult Publishing Group,Feb-96,528
136,The Signet Classic Book of American Short Stories,Burton Raffel,Burton Raffel,451529634,Mass Market Paperback,Penguin Group (USA),Nov-04,688
137,The American Transcendentalists: Essential Writings,Lawrence Buell,Lawrence Buell,081297509X,Paperback,Random House Publishing Group,Jan-06,640
138,Finding Freedom: Writings from Death Row,Jarvis Jay Masters,"Jarvis Jay Masters, Melody E. Chavis",188184708X,Paperback,Padma Publishing,Sep-97,179
139,The Best American Short Stories 2004,Lorrie Moore,"Lorrie Moore, Katrina Kenison",618197354,Paperback,Houghton Mifflin Harcourt,Oct-04,498
140,New York Stories: The Best of the City Section of the New York Times,Constance Rosenblum,"Constance Rosenblum (Editor), Connie Rosenblum",814775721,Paperback,New York University Press,May-05,303
141,Black Voices: An Anthology of African-American Literature,Various,"Various, Abraham Chapman",451527828,Mass Market Paperback,Penguin Group (USA),Apr-01,720
142,Bordering Fires: The Vintage Book of Contemporary Mexican and Chicano/a Literature,Cristina Garcia,Cristina Garcia,1400077184,Paperback,Knopf Doubleday Publishing Group,Oct-06,304
143,The Best American Short Plays 2007-2008,Barbara Parisi,Barbara Parisi,155783749X,Paperback,Applause Theatre Book Publishers,Aug-09,
144,Postmodern American Fiction: A Norton Anthology,Paula Geyh,"Paula Geyh, Andrew Levy (Editor), Fred G. Leebron",039331698X,Paperback,"Norton, W. W. & Company, Inc.",Sep-97,704
145,Bronx Accent: A Literary and Pictorial History of the Borough,Lloyd Ultan,"Lloyd Ultan, Barbara Unger",813538629,Paperback,Rivergate Books,Mar-06,330
146,Native American Songs and Poems: An Anthology,Brian Swann,Brian Swann,486294501,Paperback,Dover Publications,Sep-96,64
147,The Best American Sports Writing 2008,William Nack,"William Nack (Editor), Glenn Stout",618751181,Paperback,Houghton Mifflin Harcourt,Oct-08,448
148,The Lost Algonquin Round Table,Nat Benchley,"Nat Benchley (Editor), Kevin C. Fitzpatrick",1440151512,Paperback,"iUniverse, Incorporated",Jul-09,300
149,Thom Pain (based on nothing),Will Eno,Will Eno,822220768,Paperback,"Dramatists Play Service, Incorporated",Nov-05,32
150,Death Blossoms: Reflections from a Prisoner of Conscience,Mumia Abu-Jamal,"Mumia Abu-Jamal, Cornel West (Foreword by), Julia Wright",896086992,Paperback,South End Press,Jul-03,
151,"B. O. O. B. S.: A Bunch of Outrageous Breast-Cancer Survivors Tell Their Stories of Courage, Hope and Healing",Ann Kempner Fisher,Ann Kempner Fisher,1581825234,Paperback,Turner Publishing Company,Jan-06,336
152,Becoming Americans: Four Centuries of Immigrant Writing,Ilan Stavans,"Ilan Stavans (Editor), Pete Hamill",1598530518,Hardcover,Library of America,Oct-09,850
153,Dream Me Home Safely: Writers on Growing Up in America,Susan Richards Shreve,"Susan Richards Shreve (Editor), Marian Wright Edelman President",618379029,Paperback,Houghton Mifflin Harcourt,Oct-03,238
154,The Best American Short Stories 2005,Michael Chabon,"Michael Chabon, Katrina Kenison",618427058,Paperback,Houghton Mifflin Harcourt,Oct-05,432
155,The Stuffed Owl: An Anthology of Bad Verse,D.B. Wyndham Lewis,"D.B. Wyndham Lewis (Editor), Charles Lee (Editor), D. B. Lewis (Editor), Charles Lee (Editor), Billy Collins",1590170385,Paperback,New York Review of Books,Mar-03,264
156,"The American Tradition in Literature, Volume 2 (book alone)",George Perkins,"George Perkins, Barbara Perkins",77239059,Paperback,"McGraw-Hill Companies, The",Oct-08,2160
157,American Working-Class Literature: An Anthology,Nicholas Coles,"Nicholas Coles, Janet Zandy, Janet Zandy",195144562,Paperback,"Oxford University Press, USA",Aug-06,960
158,The Butterfly's Way: Voices from the Haitian Dyaspora in the United States,Edwidge Danticat,Edwidge Danticat,1569472181,Paperback,"Soho Press, Incorporated",Jul-03,280
159,Bedford Anthology of American Literature: Volume Two: 1865 to Present,Susan Belasco,"Susan Belasco, Linck Johnson",312412088,Paperback,Bedford/St. Martin's,Feb-08,1632
160,"Titanica: The Disaster of the Century in Poetry, Song and Prose",Steven Biel,"Steven Biel (Editor), Steven Biel",393318737,Paperback,"Norton, W. W. & Company, Inc.",Sep-98,128
161,The Unswept Path: Contemporary American Haiku,John Brandi,"John Brandi (Editor), Dennis Maloney",1893996387,Paperback,White Pine Press,Sep-05,
162,"The Vietnam War in American Stories, Songs, and Poems",H. Bruce Franklin,H. Bruce Franklin,312115520,Paperback,Bedford/St. Martin's,Aug-95,343
163,The Best American Essays 2008,Adam Gopnik,"Adam Gopnik (Editor), Robert Atwan",618983228,Paperback,Houghton Mifflin Harcourt,Oct-08,320
164,The Best American Poetry 2008,Charles Wright,"Charles Wright (Editor), David Lehman",743299752,Paperback,Simon & Schuster Adult Publishing Group,Sep-08,224
165,Poems from the Women's Movement,Honor Moore,Honor Moore,1598530429,Hardcover,Library of America,Apr-09,200
166,Listening for God: Contemporary Literature And The Life Of Faith: Volume 2,Paula J. Carlson,"Paula J. Carlson, Peter S. Hawkins",806628448,Paperback,"Augsburg Fortress, Publishers",Jan-98,160
167,The Norton Anthology of African American Literature,Henry Louis Gates Jr.,"Henry Louis Gates Jr., Nellie Y. McKay",393040011,Hardcover,"Norton, W. W. & Company, Inc.",Nov-96,
168,The Best American Sports Writing 2008,William Nack,"William Nack (Editor), Glenn Stout",1615580190,Paperback,Houghton Mifflin Harcourt,Oct-08,
169,New Orleans Stories: Great Writers on the City,John Miller,"John Miller (Editor), Genevieve Anderson (Editor), Andrei Codrescu",811844943,Paperback,Chronicle Books LLC,Jun-04,224
170,Sporting Lives: Metaphor and Myth in American Sports,James W. Pipkin,James W. Pipkin,826217796,Hardcover,University of Missouri Press,Feb-08,184
171,"American Literature, Volume II (Penguin Academics Series)",William E. Cain,William E. Cain,321116240,Paperback,Longman,Dec-03,1584
172,After Frost: Anthol Poetry From N E,Henry Lyman,"Henry Lyman (Editor), Robert Frost (With), Wallace Stevens",1558490418,Paperback,University of Massachusetts Press,Sep-96,240
173,"To The Shore Once More, Volume II: A Journey Down The Jersey Shore; Prose, Poetry, And Works Of Art",Frank Finale,"Frank Finale, George C. Valente (Editor), Rich Youmans",963290622,Hardcover,Jersey Shore Publications,May-01,
174,Winter Song: Christmas Readings,Madeleine L'Engle,"Madeleine L'Engle, Luci Shaw",1573833320,Paperback,Regent College Publishing,Oct-04,208
175,Rag and Bone Shop of the Heart: A Poetry Anthology,Robert Bly,"Robert Bly, James Hillman (Editor), Michael Meade",60924209,Paperback,HarperCollins Publishers,Aug-93,560
176,Oxford Book of American Poetry,David Lehman,"David Lehman, John Brehm",019516251X,Hardcover,"Oxford University Press, USA",Mar-06,1200
177,The Portable Jack Kerouac,Jack Kerouac,"Jack Kerouac, Ann Charters",014310506X,Paperback,Penguin Group (USA),Aug-07,656
178,Boricuas: Influential Puerto Rican Writings--- An Anthology,Roberto Santiago,"Roberto Santiago, Roberto Santiago",345395026,Paperback,Random House Publishing Group,Sep-95,400
179,Coming of Age in the 21st Century,Mary Frosch,Mary Frosch,1595580557,Paperback,"New Press, The",Oct-08,319
180,Empire City: New York Through the Centuries,Kenneth T. Jackson,"Kenneth T. Jackson (Editor), David S. Dunbar",231109091,Paperback,Columbia University Press,Aug-05,1008
181,Erotique Noire: Black Erotica,Miriam Decosta-Willis,"Miriam Decosta-Willis, Reginald Martin (Editor), Roseann P. Bell",385423098,Paperback,Knopf Doubleday Publishing Group,Aug-92,456
182,Short Story Masterpieces,Robert Penn Warren,"Robert Penn Warren (Editor), Albert Erskine",440378648,Mass Market Paperback,Random House Publishing Group,Mar-54,528
183,The Best American Short Plays 2006-2007,Barbara Parisi,Barbara Parisi,1557837481,Paperback,Applause Theatre Book Publishers,May-10,380
184,Black on White: Black Writers on What It Means to Be White,David R. Roediger,David R. Roediger,805211144,Paperback,Knopf Doubleday Publishing Group,Jan-99,368
185,In a Narrow Grave: Essays on Texas,Larry McMurtry,Larry McMurtry,684868695,Paperback,Simon & Schuster Adult Publishing Group,Jul-01,208
186,Queer 13: Lesbian and Gay Writers Recall Seventh Grade,Clifford Chase,Clifford Chase,688171613,Paperback,HarperCollins Publishers,Sep-99,
187,Hokum: An Anthology of African-American Humor,Paul Beatty,Paul Beatty,1596911484,Paperback,Bloomsbury USA,Jan-06,
188,Voices in Our Blood: America's Best on the Civil Rights Movement,Jon Meacham,Jon Meacham,037575881X,Paperback,Random House Publishing Group,Jan-03,576
189,The Complete Works of Kate Chopin,Kate Chopin,"Kate Chopin, Per Seyersted (Editor), Edmund Wilson",807131512,Paperback,Louisiana State University Press,May-06,1032
190,Literature and the Environment: A Reader on Nature and Culture,Lorraine Anderson,"Lorraine Anderson, John P. O'Grady, Scott Slovic, Scott Slovic, John P. O'Grady",032101149X,Paperback,Longman,Aug-98,
191,"The Heath Anthology of American Literature, Concise Edition",Paul Lauter,"Paul Lauter, Richard Yarborough",618256636,Paperback,Cengage Learning,May-03,2695
192,Early American Writing,Various,"Various, Giles Gunn (Editor), Giles Gunn",140390871,Paperback,Penguin Group (USA),Feb-94,672
193,Soulscript: A Collection of Classic African American Poetry,June Jordan,June Jordan,767918460,Paperback,Crown Publishing Group,Nov-04,208
194,"The Norton Anthology of Literature by Women: The Traditions in English, Vol. 1",Sandra M. Gilbert,"Sandra M. Gilbert (Editor), Susan Gubar",393930130,Hardcover,"Norton, W. W. & Company, Inc.",Feb-07,
195,Out of Her Mind: Women Writing on Madness,Rebecca Shannonhouse,Rebecca Shannonhouse,375755020,Paperback,Random House Publishing Group,Feb-03,224
196,"The Wadsworth Themes American Literature Series, 1945-Present, Theme 18: Class Conflicts and the American Dream",Jay Parini,"Jay Parini, Henry Hart",1428262504,Paperback,Cengage Learning,Jul-08,69
197,Concise Anthology of American Literature,George McMichael,"George McMichael, James Leonard, James S. Leonard (Editor), J. S. Leonard",131937928,Paperback,Prentice Hall,Dec-05,
198,Written by Herself: Autobiographies of American Women,Jill Ker Conway,Jill Ker Conway,679736336,Paperback,Knopf Doubleday Publishing Group,Nov-92,688
199,Asian American Studies Now: A Critical Reader,Jean Yu-wen Shen Wu,"Jean Yu-wen Shen Wu (Editor), Thomas C. Chen",813545757,Paperback,Rutgers University Press,Apr-10,672
200,Growing Up in the South: An Anthology of Modern Southern Literature,Suzanne Jones,"Suzanne Jones (Editor), Suzanne W. Jones",451528735,Mass Market Paperback,Penguin Group (USA),Jan-03,544
201,American Protest Literature,Zoe Trodd,"Zoe Trodd (Editor), Howard Zinn (Afterword), John Stauffer",674027639,Paperback,Harvard University Press,Apr-08,576
202,The Vietnam Reader: The Definitive Collection of American Fiction and Nonfiction on the War,Stewart O'Nan,Stewart O'Nan,385491182,Paperback,Knopf Doubleday Publishing Group,Oct-98,736
203,Reinventing the Enemy's Language: Contemporary Native Women's Writings of North America,Gloria Bird,"Gloria Bird (Editor), Joy Harjo",393318281,Paperback,"Norton, W. W. & Company, Inc.",Sep-98,
204,The Norton Anthology of American Literature: Volume E: 1945 to the Present,Jerome Klinkowitz,"Jerome Klinkowitz (Editor), Mary Loeffelholz (Editor), Arnold Krupat (Editor), Philip F. Gura (Editor), Bruce Michelson",393927431,Paperback,"Norton, W. W. & Company, Inc.",Apr-07,1184
205,"Living Literature: An Introduction to Fiction, Poetry, Drama",John Brereton,John Brereton,321088999,Paperback,Longman,Jan-07,2144
206,"Women of the Beat Generation: The Writers, Artists and Muses at the Heart of a Revolution",Brenda Knight,"Brenda Knight (Editor), Ann Charters (Afterword), Anne Waldman",1573241385,Paperback,Red Wheel/Weiser,Oct-98,366
207,La Llorona on the Longfellow Bridge: Poetry Y Otras Movidas,Alicia Gaspar De Alba,Alicia Gaspar De Alba,1558853995,Paperback,Arte Publico Press,Jan-03,128
208,"To the Shore Once More: A Portrait Of The Jersey Shore; Prose, Poetry, and Works of Art",Frank Finale,"Frank Finale, Finale Fran",963290614,Hardcover,Jersey Shore Publications,Jul-99,
209,Witnessing Lynching: American Writers Respond,Anne P. Rice,"Anne P. Rice (Editor), Michele Wallace",813533309,Paperback,Rutgers University Press,Oct-03,360
210,Longman Anthology of Women's Literature,Mary K. DeShazer,"Mary K. DeShazer, Deshazer",032101006X,Paperback,Longman,Dec-00,1520
211,Elements of Evolutionary Genetics,Brian Charlesworth,"Brian Charlesworth, Deborah Charlesworth",981519423,Hardcover,Roberts & Company Publishers,Jan-10,768
212,The Best American Short Stories 2001,Barbara Kingsolver,"Barbara Kingsolver, Katrina Kenison",395926882,Paperback,Houghton Mifflin Harcourt,Oct-01,402
213,The Classic Hundred Poems: All-Time Favorites,William Harmon,"William Harmon (Editor), William Harmon",231112599,Paperback,Columbia University Press,Mar-98,288
214,The Best American Nonrequired Reading 2007,Dave Eggers,"Dave Eggers (Editor), Sufjan Stevens",618902813,Paperback,Houghton Mifflin Harcourt,Oct-07,386
215,The Best New Playwrights 2009,Lawrence Harbison,"Lawrence Harbison (Editor), Gina Gionfriddo",1575257629,Paperback,"Smith & Kraus, Inc.",Dec-09,356
216,The Vintage Book of African American Poetry,Michael S. Harper,"Michael S. Harper (Editor), Anthony Walton",375703004,Paperback,Knopf Doubleday Publishing Group,Feb-00,448
217,Crossing the Danger Water: Three Hundred Years of African-American Writing,Deirdre Mullane,"Deirdre Mullane (Editor), Deirdre Mullane",385422431,Paperback,Knopf Doubleday Publishing Group,Sep-93,800
218,2007: The Best Ten-Minute Plays for Two Actors,Lawrence Harbison,"Lawrence Harbison, D. L. Lepidus",1575255898,Paperback,"Smith & Kraus, Inc.",Apr-08,256
219,The Hudson River Valley Reader,Edward C. Goodman,Edward C. Goodman,1604330376,Hardcover,Cider Mill Press,Mar-09,
220,Three Centuries of American Poetry,Allen Mandelbaum,"Allen Mandelbaum (Editor), Robert D. Richardson",553375180,Paperback,Random House Publishing Group,Mar-99,
221,Down Time: Great Writers on Diving,Ed Kittrell,"Ed Kittrell, Casey Kittrell (Editor), Jim Kittrell (Editor), Casey Kittrell (Editor), Jim Kittrell",965834441,Paperback,Look Away Books,Apr-01,288
222,Blues Poems (Everyman's Library Pocket Poets),Kevin Young,"Kevin Young, Kevin Young",375414584,Hardcover,Knopf Doubleday Publishing Group,Sep-03,256
223,Age Ain't Nothing But a Number: Black Women Explore Midlife,Carleen Brice,Carleen Brice,807028231,Paperback,Beacon,May-03,256
224,Literary Nevada: Writings from the Silver State,Cheryll Glotfelty,Cheryll Glotfelty,874177596,Paperback,University of Nevada Press,Aug-08,896
225,Nickel and Dimed,Joan Holden,"Joan Holden, Barbara Ehrenreich",822220423,Paperback,"Dramatists Play Service, Incorporated",Nov-05,67
226,The Haves and Have Nots: 30 Stories about Money and Class in America,Barbara H. Solomon,"Barbara H. Solomon (Editor), Various",451527445,Mass Market Paperback,Penguin Group (USA),Oct-99,528
227,The Best American Short Plays 2003-2004,Glenn Young,Glenn Young,1557836965,Paperback,Applause Theatre Book Publishers,Sep-06,312
228,Latino Boom: An Anthology of U. S. Latino Literature,John Christie,John Christie,321093836,Paperback,Longman,Jul-05,592
229,Up All Night: Adventures in Lesbian Sex,Stacy Bias,"Stacy Bias (Editor), Stacy M. Bias",1555837476,Paperback,Alyson Books,Jan-04,264
230,Anthology of Modern American Poetry,Cary Nelson,"Cary Nelson (Editor), Emory Elliott (Editor), A. Walton Litz",195122712,Paperback,"Oxford University Press, USA",Jan-00,1296
231,"A Patriot'S Handbook: Songs, Poems, Stories, And Speeches Celebrating The Land We Love",Caroline Kennedy,Caroline Kennedy,786869186,Hardcover,Hyperion,May-03,688
232,Uncle Remus: His Songs and His Sayings,Joel Chandler Harris,"Joel Chandler Harris, James H. Moser (Photographer), William B. Williford",877970602,Hardcover,Cherokee Publishing Company,Sep-95,
233,The Heath Anthology of American Literature: Volume B: Early Nineteenth Century (1800-1865),Paul Lauter,"Paul Lauter, Richard Yarborough, Jackson Bryer, Charles Molesworth, King-Kok Cheung",618532986,Paperback,Cengage Learning,Dec-04,1760
234,Immigrant Women,Maxine Schwartz Seller,Maxine Schwartz Seller,791419045,Paperback,State University of New York Press,Jul-94,
235,The American Aeneas: Classical Origins of the American Self,John C. Shields,John C. Shields,1572331321,Hardcover,University of Tennessee Press,Oct-01,480
236,"Love, Castro Street: Reflections of San Francisco",Katherine V. Forrest,"Katherine V. Forrest (Editor), Jim Van Buskirk",1555839975,Paperback,Alyson Books,May-07,288
237,"The Women's Project and Productions: The Best One-Act Plays, 1975-1999",Julia Miles,Julia Miles,1575252716,Paperback,"Smith & Kraus, Inc.",Jun-02,309
238,Feeling Italian: The Art of Ethnicity in America,Thomas Ferraro,Thomas Ferraro,814727476,Paperback,New York University Press,May-05,408
239,"Pamphlets of Protest: An Anthology of Early African American Protest Literature, 1790-1860",Richard G. Newman,"Richard G. Newman (Editor), Phillip Lapsansky (Editor), Patrick Rael",415924448,Paperback,"Taylor & Francis, Inc.",Oct-00,320
240,A Whole Other Ball Game: Women's Literature on Women's Sport,Joli Sandoz,Joli Sandoz,374525218,Paperback,"Farrar, Straus and Giroux",Sep-97,288
241,A Companion to African American Literature,Gene A. Jarrett,Gene A. Jarrett,1405188626,Hardcover,"Wiley, John & Sons, Incorporated",May-10,
242,Conversations with Mexican American Writers: Languages and Literatures in the Borderlands,Elisabeth Mermann-Jozwiak,"Elisabeth Mermann-Jozwiak, Nancy Sullivan",1604732148,Hardcover,University Press of Mississippi,May-09,
243,The Palm of My Heart: Poetry by African American Children,Davida Adedjouma,"Davida Adedjouma (Editor), Gregory Christie (Illustrator), Lucille Clifton",1880000768,Hardcover,"Lee & Low Books, Inc.",May-03,32
244,"Women and Children of the Mills: An Annotated Guide to Nineteenth-Century American Textile Factory Literature, Vol. 28",Judith Ranta,Judith Ranta,313308608,Hardcover,"Greenwood Publishing Group, Incorporated",Jul-99,348
245,Rising Voices,Arlene Hirschfelder,"Arlene Hirschfelder, Beverly R. Singer",804111677,Mass Market Paperback,Random House Publishing Group,Jul-93,131
246,Brotherman: The Odyssey of Black Men in America--an Anthology,Robert Allen,"Robert Allen, Herb Boyd",345383176,Paperback,Random House Publishing Group,Jan-96,960
247,Literary Journalism: A New Collection of the Best American Nonfiction,Mark Kramer,"Mark Kramer, Norman Sims",345382226,Paperback,Random House Publishing Group,May-95,480
248,Americans in Paris: A Literary Anthology,Adam Gopnik,Adam Gopnik,1931082561,Hardcover,Library of America,Mar-04,650
249,Uncle Remus: His Songs and His Sayings,Joel Chandler Harris,"Joel Chandler Harris, Robert Hemenway",140390146,Paperback,Penguin Group (USA),Sep-82,224
250,Running a Thousand Miles for Freedom: The Escape of William and Ellen Craft from Slavery,Craft,"Craft, Ellen Craft, Barbara McCaskill",820321044,Paperback,University of Georgia Press,Apr-99,152
251,If I Had My Life to Live Over,Sandra Martz,"Sandra Martz, Sandra Martz",918949254,Hardcover,Moyer Bell,Jan-10,205
252,Postmodern American Poetry: A Norton Anthology,Paul Hoover,"Paul Hoover, Ed Paschke (Illustrator), Chris Welch",393310906,Paperback,"Norton, W. W. & Company, Inc.",May-94,
253,Sisters of the Earth: Women's Prose and Poetry About Nature,Lorraine Anderson,"Lorraine Anderson, Lorraine Anderson",1400033217,Paperback,Knopf Doubleday Publishing Group,Dec-03,496
254,The Lincoln Anthology: Great Writers on His Life and Legacy from 1860 to Now,Harold Holzer,Harold Holzer,159853033X,Hardcover,Library of America,Dec-08,800
255,"Halloween Reader: Poems, Stories, and Plays from Halloweens Past",Lesley Pratt Bannatyne,Lesley Pratt Bannatyne,1589801768,Paperback,"Pelican Publishing Company, Incorporated",Aug-04,272
256,"American Literature (Penguin Academics Series), Vol. 1",William E. Cain,William E. Cain,321116232,Paperback,Longman,Feb-04,1392
257,Modernism: An Anthology,Lawrence Rainey,"Lawrence Rainey (Editor), Blackwell Publishers",631204490,Paperback,"Wiley, John & Sons, Incorporated",Jan-05,1216
258,The New Anthology of American Poetry: Volume II: Modernisms: 1900-1950,Steven Gould Axelrod,"Steven Gould Axelrod (Editor), Camille Roman, Camille Roman (Editor), Thomas Travisano (Editor), Camille Roman",813531640,Paperback,Rutgers University Press,Feb-05,856
259,Infinite Divisions: An Anthology of Chicana Literature,Tey Diana Rebolledo,"Tey Diana Rebolledo, Eliana S. Rivero, Tey Diana Rebolledo, Eliana S. Rivero",816513848,Paperback,University of Arizona Press,Jun-93,393
260,A Hallowe'en Anthology: Literary and Historical Writings over the Centuries,Lisa Morton,Lisa Morton,786436840,Paperback,"McFarland & Company, Incorporated Publishers",Jan-08,214
261,Sticks and Stones and Other Student Essays,Ruthe Thompson,"Ruthe Thompson, Rise B. Axelrod, Charles R. Cooper",312596227,Paperback,Bedford/St. Martin's,Jul-10,240
262,Women's Worlds: The Mcgraw-Hill Anthology of Women's Writing,Robyn Warhol-Down,"Robyn Warhol-Down, Diane Price Herndl (Editor), Mary Lou Kete",72564024,Paperback,"McGraw-Hill Companies, The",Dec-07,2080
263,New York Stories: The Best Writing from Four Decades of New York Magazine,Steve Fishman,"Steve Fishman, John Homans (Editor), Adam Moss (Editor), Tom Wolfe",812979923,Paperback,Random House Publishing Group,Sep-08,624
264,The Columbia Anthology of American Poetry,Jay Parini,Jay Parini,231081227,Hardcover,Columbia University Press,Jul-95,757
265,New Playwrights: The Best Plays of 2008,Lawrence Harbison,"Lawrence Harbison (Editor), John Cariani",1575256185,Paperback,"Smith & Kraus, Inc.",Feb-09,384
266,The Jazz Poetry Anthology,Sascha Feinstein,"Sascha Feinstein, Yusef Komunyakaa",253206375,Paperback,Indiana University Press,Jun-91,320
267,New Playwrights: The Best Plays of 2006,D. L. Lepidus,"D. L. Lepidus (Editor), Chungmi Kim",1575255596,Paperback,"Smith & Kraus, Inc.",Jan-07,393
268,The Last Best Place: A Montana Anthology,William Kittredge,"William Kittredge (Editor), Annick Smith",295969741,Paperback,University of Washington Press,Jun-03,1158
269,A Place Apart: A Cape Cod Reader,Robert Finch,Robert Finch,881508594,Paperback,"Countryman Press, The",Jun-09,
270,Prison Writings in 20th-Century America,H. Bruce Franklin,"H. Bruce Franklin, Tom Wicker",140273050,Paperback,Penguin Group (USA) Incorporated,Jun-98,368
271,The Color of Gratitude: And Other Spiritual Surprises,Robert Morneau,Robert Morneau,1570758468,Paperback,Orbis Books,Sep-09,168
272,I Thought My Father Was God: And Other True Tales from NPR's National Story Project,Paul Auster,"Paul Auster, Paul Auster",60874112,Compact Disc,HarperCollins Publishers,Sep-05,
273,Growing up Poor: A Literary Anthology,Robert Coles,"Robert Coles, Randy (Ed.) Testa, Michael (Ed.) Coles, Randy Testa (Editor), Michael Coles",156584744X,Paperback,"New Press, The",Jun-02,304
274,"Drinking, Smoking and Screwing: Great Writers on Good Times",Sara Nickles,"Sara Nickles (Editor), Bob Shacochis (Illustrator), Bob Shocochis",811807843,Paperback,Chronicle Books LLC,Aug-94,224
275,Literature and Science in the Nineteenth Century: An Anthology,Laura Otis,Laura Otis,019955465X,Paperback,"Oxford University Press, USA",Aug-09,624
276,"Show &amp; Tell: Writers on Writing, Sixth Edition",Dept of Creative Writing,Dept of Creative Writing,982338201,Paperback,"Publishing Laboratory UNC Wilmington, The",Aug-09,
277,Mother California: A Story of Redemption Behind Bars,Kenneth E. Hartman,Kenneth E. Hartman,1934633194,Hardcover,Atlas & Co.,Nov-09,208
278,"Richard Wright: Later Works (Black Boy, American Hunger, The Outsider)",Richard Wright,"Richard Wright, Arnold Rampersad",940450674,Hardcover,Library of America,Oct-91,887
279,Double-Take: A Revisionist Harlem Renaissance Anthology,Venetria Patton,"Venetria Patton (Editor), Maureen Honey",813529301,Paperback,Rutgers University Press,Dec-01,670
280,Hispanic-American Literature: A Brief Introduction and Anthology,Nicolas Kanellos,"Nicolas Kanellos, Nicholas Kanellos",673469565,Paperback,Longman,Jan-97,339
281,Nineteenth-Century American Poetry,Various,"Various, William Spengemann",140435875,Paperback,Penguin Group (USA) Incorporated,Oct-96,496
282,The Beat Book: Writings from the Beat Generation,Anne Waldman,"Anne Waldman, Allen Ginsberg",1590304551,Paperback,"Shambhala Publications, Inc.",Jul-07,400
283,Beat Poets,Carmela Ciuraru,"Carmela Ciuraru (Editor), Kevin Young",375413324,Hardcover,Knopf Doubleday Publishing Group,Jul-02,256
284,Brooklyn Was Mine,Chris Knutsen,"Chris Knutsen (Editor), Valerie Steiker (Editor), Phillip Lopate (Introduction), Jennifer Egan, Darin Strauss",1594482829,Paperback,Penguin Group (USA) Incorporated,Jan-08,240
285,New Playwrights: The Best Plays of 2007,Lawrence Harbison,"Lawrence Harbison (Editor), David Epstein",157525591X,Paperback,"Smith & Kraus, Inc.",Jul-08,416
286,The Best American Erotic Poems: From 1800 to the Present,David Lehman,David Lehman,1416537465,Paperback,Simon & Schuster Adult Publishing Group,Feb-08,336
287,The Best of the West: An Anthology of Classic Writing from the American West,Tony Hillerman,Tony Hillerman,60923520,Paperback,HarperCollins Publishers,Sep-92,544
288,Atop an Underwood: Early Stories and Other Writings,Jack Kerouac,"Jack Kerouac, Paul Marion (Editor), Paul Marion (Commentaries by), Paul Marion",140296395,Paperback,Penguin Group (USA),Nov-00,272
289,"The African American Experience: Black History and Culture Through Speeches, Letters, Editorials, Poems, Songs, and Stories",Kai Wright,Kai Wright,1579127738,Paperback,"Black Dog & Leventhal Publishers, Inc.",Jan-09,720
290,Best New Poets: 50 Poems from Emerging Writers,Kim Addonizio,"Kim Addonizio (Editor), Jeb Livingood",097662964X,Paperback,Samovar Press,Nov-09,158
291,Inherit the Atchafalaya,Greg Guirard,"Greg Guirard, C. Ray Brassieur, University of Louisiana at Lafayette, Center for Louisiana Studies Staff (Contribution by), Louisiana, Dept. of Natural Resources Staff",1887366768,Hardcover,University of Louisiana at Lafayette Press,Jul-07,
292,The Best American Poetry 2007,Heather McHugh,"Heather McHugh (Editor), David Lehman",743299736,Paperback,Simon & Schuster Adult Publishing Group,Sep-07,192
293,The Best American Poetry 2006,Billy Collins,"Billy Collins (Editor), David Lehman",743257596,Paperback,Simon & Schuster Adult Publishing Group,Sep-06,
294,Tales for Little Rebels: A Collection of Radical Children's Literature,Philip Nel,"Philip Nel, Jack Zipes, Julia Mickenberg",814757219,Paperback,New York University Press,Mar-10,313
295,Great American Prose Poems,David Lehman,David Lehman,743243501,Paperback,Simon & Schuster Adult Publishing Group,Mar-03,352
296,"The Literature of California, Volume 1: Native American Beginnings to 1945",Jack Hicks,"Jack Hicks (Editor), Al Young (Editor), James D. Houston",520222121,Paperback,University of California Press,Dec-00,653
297,American Food Writing: An Anthology with Classic Recipes,Molly O'Neill,Molly O'Neill,1598530054,Hardcover,Library of America,Apr-07,700
298,Essential Saroyan,William Saroyan,"William Saroyan, William E. Justice",1597140015,Paperback,Heyday Books,Apr-05,192
299,No Walls of Stone: An Anthology of Literature by Deaf and Hard of Hearing Writers,Jill Jepson,Jill Jepson,156368019X,Hardcover,Gallaudet University Press,Jan-02,232
300,"Pioneers of the Black Atlantic: Five Slave Narratives from the Enlightenment, 1772-1815",Henry Louis Gates Jr.,Henry Louis Gates Jr.,1887178988,Paperback,Basic Civitas Books,Nov-98,656
301,Riding Low on Streets of Gold,Judith Ortiz Cofer,Judith Ortiz Cofer,1558853804,Paperback,Arte Publico Press,Nov-03,192
302,Fire and Ink: An Anthology of Social Action Writing,Frances Payne Adler,Frances Payne Adler,816527938,Paperback,University of Arizona Press,Oct-09,448
303,"New York Nocturne: The City After Dark in Literature, Painting, and Photography, 1850-1950",William Chapman Sharpe,William Chapman Sharpe,691133247,Hardcover,Princeton University Press,Oct-08,456
304,Poets of World War II,Various,"Various, Harvey Shapiro",1931082332,Hardcover,Library of America,Jul-02,262
305,Voices from the Harlem Renaissance,Nathan Irvin Huggins,Nathan Irvin Huggins,195093607,Paperback,"Oxford University Press, USA",Jan-95,448
306,A Loving Voice II: A Caregiver's Book of More Read-Aloud Stories for the Elderly,Carolyn Banks,"Carolyn Banks, Janis Rizzo",091478370X,Paperback,Charles Press Publishers PA,Jul-94,292
307,Running a Thousand Miles for Freedom: The Escape of William and Ellen Craft from Slavery,William Craft,"William Craft, Ellen Craft, Richard J. Blackett",080712320X,Paperback,Louisiana State University Press,Feb-99,
308,Motherland: Writings by Irish American Women about Mothers and Daughters,Caledonia Kearns,"Caledonia Kearns (Editor), Caledonia Kearns",688175864,Paperback,HarperCollins Publishers,Apr-00,276
309,The Lowell Offering: Writings by New England Mill Women (1840-1845),Benita Eisler,"Benita Eisler (Editor), Benita Eisler (Commentaries by), Benita Eisler",393316858,Paperback,"Norton, W. W. & Company, Inc.",Dec-97,
310,The Best American Poetry 2010,Amy Gerstler,"Amy Gerstler (Editor), David Lehman",1439181470,Hardcover,Simon & Schuster Adult Publishing Group,Sep-10,
311,Inside Out/Outside In: Exploring American Literature,Victoria Holder,"Victoria Holder, Holder, Dorothy Lindsay, Lyn Motai, Karen Wiederholt",395986052,Hardcover,Cengage Learning,Jul-05,360
312,Glencoe Literature: American Literature: The Reader's Choice,Jeffrey D. Wilhelm,"Jeffrey D. Wilhelm, Douglas Fisher, Beverly Ann Chin",78454816,Hardcover,"McGraw-Hill Companies, The",Jan-06,1351
313,Transcendentalism: A Reader,Joel Myerson,"Joel Myerson, Joel Myerson",195122135,Paperback,"Oxford University Press, USA",Dec-00,752
314,The Best American Short Stories 2002,Sue Miller,"Sue Miller (Editor), Katrina Kenison (Editor), Sue Miller (Introduction), Katrina Kenison",618131736,Paperback,Houghton Mifflin Harcourt,Oct-02,402
315,A Loving Voice: A Caregiver's Book of Read-Aloud Stories for the Elderly,Carolyn Banks,"Carolyn Banks, Janis Rizzo",914783599,Paperback,Charles Press Publishers PA,Jan-92,320
316,Hispanic Caribbean Literature of Migration: Narratives of Displacement,Vanessa Y. P&#233;rez Rosario,Vanessa Y. Prez Rosario,230620655,Hardcover,Palgrave Macmillan,Jun-10,
317,American Political Plays after 9/11,Allan Havis,"Allan Havis, Anne Nelson, Chay Yew, Naomi Iizuka, Kia Corthron",809329549,Paperback,Southern Illinois University Press,Jun-10,304
318,"Best Plays of the Early American Theatre, 1787-1911",John Gassner,"John Gassner, Mollie Gassner (Editor), Mollie Gassner",486410986,Paperback,Dover Publications,Jun-00,784
319,"Glances Backward: An Anthology of American Homosexual Writing, 1830-1920",James J. Gifford,James J. Gifford,1551117282,Paperback,Broadview Press,Sep-06,388
320,"American Poetry: The Nineteenth Century (Melville to Stickney, American Indian Poetry, Folk Songs and Spirituals) (Library of America), Vol. 2",Various,"Various, John Hollander",094045078X,Hardcover,Library of America,Sep-93,
321,Deaf Way II Anthology: A Literary Collection of Deaf and Hard of Hearing Writers,Tonya M. Stremlau,Tonya M. Stremlau,1563681277,Paperback,Gallaudet University Press,Jun-02,208
322,American Short Story and Its Writer: An Anthology,Ann Charters,"Ann Charters, Ann Charters",312191766,Paperback,Bedford/St. Martin's,Aug-99,1495
323,Orpheus and Company: Contemporary Poems on Greek Mythology,Deborah De Nicola,Deborah De Nicola,874519187,Paperback,University Press of New England,Apr-99,356
324,Poems That Live Forever,Hazel Felleman,Hazel Felleman,385003587,Hardcover,Knopf Doubleday Publishing Group,Jun-65,480
325,The Best American Nonrequired Reading 2008,Dave Eggers,"Dave Eggers (Editor), Judy Blume",061890283X,Paperback,Houghton Mifflin Harcourt,Oct-08,400
326,American Negro Poetry,Arna Bontemps,"Arna Bontemps (Editor), Arna Bontemps",809015641,Paperback,"Farrar, Straus and Giroux",Dec-95,256
327,Paradise Road: Jack Kerouac's Lost Highway and My Search for America,Jay Atkinson,Jay Atkinson,470237694,Hardcover,"Wiley, John & Sons, Incorporated",Mar-10,272
328,The Black Woman: An Anthology,Toni Cade Bambara,"Toni Cade Bambara (Editor), Eleanor W Traylor",743476972,Paperback,Simon & Schuster Adult Publishing Group,Mar-05,352
329,Thom Pain (based on nothing),Will Eno,Will Eno,1559362758,Paperback,Theatre Communications Group,Apr-05,
330,American Fantastic Tales: Terror and the Uncanny from Poe to the Pulps,Peter Straub,Peter Straub,159853047X,Hardcover,Library of America,Oct-09,750
331,100 Poems by 100 Poets,Harold Pinter,"Harold Pinter (Editor), Anthony Astbury (Editor), Geoffrey Godbert",802132790,Paperback,"Grove/Atlantic, Inc.",Jan-94,176
332,"Chocolate Thoughts: Short Stories, Essays and Poetry from the Hearts and Minds of Real Black Men",S. James Guitard,S. James Guitard,1929642377,Paperback,Literally Speaking Pub House,May-06,
333,Oxford Anthology of African American Poetry,Arnold Rampersad,"Arnold Rampersad (Editor), Hilary Herbold (Editor), Hilary Herbold",195125630,Hardcover,"Oxford University Press, USA",Oct-05,464
334,"Freedom in This Village: Twenty-Five Years of Black Gay Men's Writing, 1979 to the Present",E. Lynn Harris,"E. Lynn Harris, E. Lynn Harris",786713879,Paperback,Da Capo Press,Sep-04,459
335,Bandana Republic: A Literary Anthology by Gang Members and Their Affliliates,Louis Reyes Rivera,"Louis Reyes Rivera, Bruce George",1593761945,Paperback,"Soft Skull Press, Inc.",May-08,288
336,The Civil Rights Reader: American Literature from Jim Crow to Reconciliation,Julie Buckner Armstrong,"Julie Buckner Armstrong (Editor), Amy Schmidt",820332259,Paperback,University of Georgia Press,Jan-09,392
337,American Sonnets: An Anthology,David Bromwich,David Bromwich,1598530151,Hardcover,Library of America,Oct-07,224
338,Voices in First Person: Reflections on Latino Identity,Lori Marie Carlson,"Lori Marie Carlson, Flavio Morais (Illustrator), Manuel Rivera-Ortiz",1416906355,Hardcover,Simon & Schuster Children's Publishing,Aug-08,96
339,Montana Women Writers: A Geography of the Heart,Farcountry Press,"Farcountry Press, Sue Hart",1560373792,Paperback,Farcountry Press,Oct-06,395
340,81 Famous Poems,Alexander Scourby,"Alexander Scourby, William Shakespeare, Walt Whitman, A. Yeats, Bramwell Fletcher",945353820,Compact Disc,AudioGO,Aug-93,
341,Califauna: A Literary Field Guide,Terry Beers,"Terry Beers (Editor), Emily Elrod",159714049X,Paperback,Heyday Books,Apr-07,464
342,Thousand and One Afternoons in Chicago,Ben Hecht,"Ben Hecht, B. Hecht, Herman Rosse (Illustrator), William Savage",226322742,Paperback,University of Chicago Press,Jun-09,
343,Philadelphia Stories: America's Literature of Race and Freedom,Samuel Otter,Samuel Otter,195395921,Hardcover,"Oxford University Press, USA",Apr-10,
344,"Voices of Black America: Historical Recordings of Poetry, Humor and Drama, 1908-1947",Washington,"Washington, Langston Hughes, Paul Laurence Dunbar, William Shaman (Produced by), Peter Adamson",962634248X,Compact Disc,Naxos Audiobooks,Feb-02,
345,The Wind Shifts: New Latino Poetry,Francisco Arag&#243;n,"Francisco Aragn, Juan Felipe Herrera",816524939,Paperback,University of Arizona Press,Apr-07,266
346,Slamma Lamma Ding Dong: An Anthology by Nebraska's Slam Poets,J. M. Huscher,"J. M. Huscher (Editor), Dan Leamen, Matt Mason, Dan Leamen (Editor), Matt Mason",595362974,Paperback,"iUniverse, Incorporated",Jul-05,126
347,Shadowed Dreams: Women's Poetry of the Harlem Renaissance,Maureen Honey,"Maureen Honey (Editor), Nellie Y. McKay",813538866,Paperback,Rutgers University Press,Oct-06,374
348,"Appalachia Inside Out: Conflict and Change, Vol. 1",Robert J. Higgs,Robert J. Higgs,870498746,Paperback,University of Tennessee Press,Mar-95,376
349,Writing Los Angeles: A Literary Anthology,David L. Ulin,David L. Ulin,1931082278,Hardcover,Library of America,Sep-02,880
350,On Grandma's Porch: Stories and True Facts about Growing up Southern in the Good Old Days,Sandra Chastain,"Sandra Chastain, Martha Crockett, Debra Leigh Smith",976876027,Paperback,"BelleBooks, Incorporated",Jun-07,249
351,Tuscany in Mind,Alice Leccese Powers,"Alice Leccese Powers (Editor), Alice Leccese Powers",1400076757,Paperback,Knopf Doubleday Publishing Group,May-05,400
352,Don't Squat With Yer Spurs On!: A Cowboy's Guide to Life,Texas Bix Bender,Texas Bix Bender,879054700,Paperback,"Smith, Gibbs Publisher",Oct-00,
353,Love and Marriage in Early African America,Frances Smith Foster,Frances Smith Foster,1555536778,Paperback,Northeastern University Press,Dec-07,360
354,"Twenty One-Acts from the Twenty Years at the Humana Festival, 1975-1995",Michele Volansky,"Michele Volansky (Editor), Michael Dixon",1880399989,Paperback,"Smith & Kraus, Inc.",Dec-95,416
355,American Austen: The Forgotten Writing of Agnes Repplier,Agnes Repplier,"Agnes Repplier, John Lukacs",1933859865,Hardcover,ISI Books,May-09,450
356,American Gothic: An Anthology 1787-1916 (Blackwell Anthologies Series),Crow,"Crow, Charles L. Crow",631206523,Paperback,"Wiley, John & Sons, Incorporated",Jun-99,496
357,The Best American Poetry 2009,David Wagoner,"David Wagoner (Editor), David Lehman",743299760,Hardcover,Simon & Schuster Adult Publishing Group,Sep-09,
358,Bold Words: A Century of Asian American Writing,Rajini Srikanth,"Rajini Srikanth (Editor), Esther Yae Iwanaga",813529662,Paperback,Rutgers University Press,Jan-01,480
359,Another Way to Dance: Contemporqary Asian Poetry from Canada and the United States,Cyril Dabydeen,Cyril Dabydeen,920661599,Paperback,T S A R Publications,Jan-96,272
360,The Best American Poetry 2003,Yusef Komunyakaa,"Yusef Komunyakaa (Editor), David Lehman",743203887,Paperback,Simon & Schuster Adult Publishing Group,Aug-03,256
361,Plays and Playwrights 2002,Martin Denton,"Martin Denton, Marc Spitz, Matthew Freeman, Curtiss I. Cook, Marc Chun",967023432,Paperback,"New York Theatre Experience, Incorporated, The",Jan-02,350
362,"Why Freedom Matters: The Spirit of the Declaration of Independence in Prose, Poetry, and Song from 1776 to the Present",Daniel Katz,"Daniel Katz (Editor), Katz",761131655,Paperback,"Workman Publishing Company, Inc.",Sep-03,400
363,The Best American Short Plays 2006-2007,Barbara Parisi,Barbara Parisi,1557837473,Hardcover,Applause Theatre Book Publishers,Jun-10,
364,Forced Passages: Imprisoned Radical Intellectuals and the U.S. Prison Regime,Dylan Rodriguez,Dylan Rodriguez,816645612,Paperback,University of Minnesota Press,Jan-06,288
365,Selected Works,Ralph Waldo Emerson,"Ralph Waldo Emerson, Margaret Fuller, John Carlos Rowe",395980755,Paperback,Cengage Learning,Apr-02,504
366,Getting Home Alive,Aurora Levins Morales,"Aurora Levins Morales, Rosario Morales",932379192,Paperback,Firebrand Books,Dec-86,213
367,Twentieth-Century American Poetry,Dana Gioia,"Dana Gioia, Meg Schoerke, David Mason, Meg Schoerke, David Mason",72400196,Paperback,"McGraw-Hill Companies, The",Dec-03,
368,Plays and Playwrights 2009,Martin Denton,"Martin Denton (Editor), Michael Laurence, Tim Collins, Lenora Champagne, Carlos Lacamara",979485223,Paperback,"New York Theatre Experience, Incorporated, The",Feb-09,384
369,Through the Eye of the Deer: An Anthology of Native American Women Writers,Carolyn Dunn,"Carolyn Dunn (Editor), Carol Comfort",1879960583,Paperback,Aunt Lute Books,Sep-99,284
370,Asian American Studies: A Reader,Jean Yu-wen Shen Wu,"Jean Yu-wen Shen Wu (Editor), Min Song",813527260,Paperback,Rutgers University Press,May-00,600
371,Latinos in Lotusland: An Anthology of Contemporary Southern California Literature,Daniel A. Olivas,Daniel A. Olivas,1931010471,Paperback,Bilingual Review/Press,Apr-08,
372,Daughters Of Decadence,Elaine Showalter,Elaine Showalter,813520185,Paperback,Rutgers University Press,Aug-93,352
373,"American Tradition in Literature : With American Ariel, Vol. 2",George Perkins,George Perkins,73221538,Hardcover,"McGraw-Hill Companies, The",Oct-06,
374,Best American Nonrequired Reading 2005,Dave Eggers,"Dave Eggers (Editor), Beck",618570489,Paperback,Houghton Mifflin Harcourt,Oct-05,370
375,Sister Nations: Native American Women Writing on Community,Heid E. Erdrich,"Heid E. Erdrich (Editor), Laura Tohe (Editor), Winona LaDuke",873514289,Paperback,Minnesota Historical Society Press,Mar-02,230
376,Asian-American Literature: A Brief Introduction and Anthology,Shawn Wong,Shawn Wong,673469778,Paperback,Longman,Jan-97,400
377,Black Silk: A Collection of African-American Erotica,Retha Powers,Retha Powers,446676918,Paperback,Hachette Book Group,Feb-02,356
378,The Best Plays Theater Yearbook 2007-2008,Jeffrey Eric Jenkins,Jeffrey Eric Jenkins,879103663,Hardcover,Limelight Editions,Oct-09,650
379,"Damage Control: Women on the Therapists, Beauticians, and Trainers Who Navigate Their Bodies",Emma Forrest,Emma Forrest,61175358,Paperback,HarperCollins Publishers,Jun-07,304
380,The Prentice Hall Anthology of Latino Literature,Eduardo del Rio,"Eduardo del Rio, Eduardo Rius Del Rio",130266876,Hardcover,Prentice Hall,Aug-01,544
381,The Norton Book of American Autobiography,Jay Parini,"Jay Parini (Editor), Gore Vidal",039304677X,Hardcover,"Norton, W. W. & Company, Inc.",Mar-99,711
382,New Playwrights: The Best Plays of 2000,D. L. Lepidus,D. L. Lepidus,157525249X,Paperback,"Smith & Kraus, Inc.",Jan-03,311
383,Xerophilia: Ecocritical Explorations in Southwestern Literature,Tom Lynch,"Tom Lynch, Scott Slovic",089672638X,Hardcover,Texas Tech University Press,Dec-08,264
384,"The New Anthology of American Poetry: Volume I: Traditions and Revolutions, Beginnings to 1900",Steven Gould Axelrod,"Steven Gould Axelrod (Editor), Camille Roman, Camille Roman (Editor), Thomas J. Travisano (Editor), Camille Roman",813531624,Paperback,Rutgers University Press,Mar-03,768
385,Contemporary U. S. Latino a Literary Criticism,Lyn Di Iorio Sandin,"Lyn Di Iorio Sandin (Editor), Richard Perez",1403979995,Hardcover,Palgrave Macmillan,Oct-07,304
386,Brother to Brother: New Writings by Black Gay Men,Essex Hemphill,"Essex Hemphill (Editor), Chuck Tarver (Afterword), Jafari Allen (Introduction), Joseph Beam",978625110,Paperback,Small Pr Distribution,Dec-07,389
387,"The New World Border: Prophecies, Poems, and Loqueras for the End of the Century",Guillermo Gomez-Pena,Guillermo Gomez-Pena,872863131,Hardcover,City Lights Books,Jan-01,244
388,"Literatura Chicana, 1965-1995: An Anthology in Spanish, English, and Calo, Vol. 191",Garland,"Garland, David Foster (Editor), Manuel De Jesus Hernandez-Gutier",815320809,Paperback,Routledge,Mar-97,520
389,So Fey,Steve Berman,Steve Berman,1590212282,Paperback,Lethe Press,Jun-09,348
390,"Imagined Transnationalism: U. S. Latino/A Literature, Culture, and Identity",Kevin Concannon,"Kevin Concannon (Editor), Francisco A. Lomeli (Editor), Marc Priewe",230606326,Hardcover,Palgrave Macmillan,Nov-09,272
391,Literature and Aging: An Anthology,Martin Kohn,"Martin Kohn (Editor), Delese Wear (Editor), Carol Donley",873384660,Paperback,Kent State University Press,Feb-93,456
392,Salaam. Peace: An Anthology of Middle Eastern-American Drama,Holly Hill,Holly Hill,1559363320,Paperback,Theatre Communications Group,Jan-10,400
393,Plays and Playwrights 2008,Robert Attweiler,"Robert Attweiler, Daniel Reitz, Crystal Skillman, Leslie Bramm, Daniel Talbott",979485215,Paperback,"New York Theatre Experience, Incorporated, The",Feb-08,
394,Call and Response: The Riverside Anthology of the African American Literary Tradition CD,Patricia Liggins Hill,"Patricia Liggins Hill (Editor), Patricia Liggins Hill, Bernard W. Bell (Editor), Bernard W. Bell",395875099,Multimedia,CENGAGE Learning,Jan-98,
395,U.S. Latino Literature Today,Gabriela Baeza Ventura,Gabriela Baeza Ventura,321198433,Paperback,Longman,Aug-04,352
396,Death Defying Acts,Woody Allen,"Woody Allen, Elaine May, David Mamet",573695393,Paperback,"Samuel French, Incorporated",Jan-96,132
397,American Studies Anthology,Richard P. Horwitz,Richard P. Horwitz,842028293,Paperback,Sr Books,Aug-01,416
398,Women Heroes: Six Short Plays from the Women's Project,Julia Miles,Julia Miles,936839228,Paperback,Applause Theatre Book Publishers,Jan-87,104
399,Queer Beats: How the Beats Turned America On to Sex,Regina Marler,Regina Marler,1573441880,Paperback,Cleis Press,Jun-04,209
400,Message to Aztlan: Selected Readings,Rodolfo Gonzales,"Rodolfo Gonzales, Antonio Esquibel (Compiler), Rodolfo F. Acuna",1558853316,Paperback,Arte Publico Press,Jan-01,256
401,The New England Transcendentalists: Life of the Mind and of the Spirit (Perspectives on History Series),Ellen Hansen,Ellen Hansen,1932663177,Paperback,"History Compass, LLC",Dec-06,44
402,Literature of the American South: A Norton Anthology,William L. Andrews,William L. Andrews,393316718,Paperback,"Norton, W. W. & Company, Inc.",Oct-97,1060
403,The American Puritans: Their Prose and Poetry,Perry Miller,"Perry Miller (Editor), Perry Miller",023105419X,Paperback,Columbia University Press,May-82,346
404,"Richard Wright: Early Works (Lawd Today!, Uncle Tom's Children, Native Son)",Richard Wright,"Richard Wright, Arnold Rampersad",940450666,Hardcover,Library of America,Oct-91,936
405,The Heath Anthology of American Literature: Volume E: Contemporary Period (1945 to the Present),Paul Lauter,"Paul Lauter, Richard Yarborough, Jackson Bryer, Charles Molesworth, King-Kok Cheung",061853301X,Paperback,Cengage Learning,Jan-05,1264
406,Best American Magazine Writing 2004,American Society Of Magazine Editors,"American Society Of Magazine Editors, Susan Orlean",60749539,Paperback,HarperCollins Publishers,Sep-04,560
407,Writing Off the Hyphen: New Perspectives on the Literature of the Puerto Rican Diaspora,Jose L. Torres-Padilla,"Jose L. Torres-Padilla, Carmen Hayd'e Rivera",029598824X,Paperback,University of Washington Press,Apr-08,361
408,Ethnic Modernism,Werner Sollors,Werner Sollors,674030915,Paperback,Harvard University Press,Nov-08,336
409,Recollections of the Early Republic: Selected Autobiographies,Joyce Appleby,Joyce Appleby,1555533019,Paperback,Northeastern University Press,Jan-97,300
410,The Best American Magazine Writing,Clay Felker,Clay Felker,158648009X,Paperback,PublicAffairs,Dec-00,432
411,"Blacklegs, Card Sharps, and Confidence Men",Thomas Ruys Smith,Thomas Ruys Smith,807136360,Hardcover,Louisiana State University Press,May-10,
412,Modern American Prose: Fifteen Writers + 15,John Clifford,"John Clifford, Robert DiYanni, Robert DiYanni, Robert DiYanni",70113963,Paperback,McGraw-Hill Higher Education,Jan-93,
413,A Beginner's Guide to Critical Reading: An Anthology of Literary Texts,Richard Jacobs,Richard Jacobs,415234689,Paperback,"Taylor & Francis, Inc.",Apr-01,
414,For a Living: The Poetry of Work,Nicholas Coles,"Nicholas Coles, Nicholas Coles",252064100,Paperback,University of Illinois Press,Mar-95,
415,What's Nature Worth?: Narrative Expressions of Environmental Values,Terre Satterfield,"Terre Satterfield (Editor), Scott Slovic",874807905,Paperback,University of Utah Press,Mar-04,320
416,New Playwrights: The Best Plays of 2001,D. L. Lepidus,"D. L. Lepidus (Editor), Michael Kinghorn",157525297X,Paperback,"Smith & Kraus, Inc.",Jul-03,352
417,New Playwrights: The Best Plays of 2004,D. L. Lepidus,"D. L. Lepidus (Editor), Rosary O'Neill",1575254247,Paperback,"Smith & Kraus, Inc.",May-05,411
418,More New York Stories: The Best of the City Section of The New York Times,Constance Rosenblum,Constance Rosenblum,814776558,Paperback,New York University Press,Nov-10,320
419,Latina,Lillian Castillo-speed,Lillian Castillo-speed,684802406,Paperback,Simon & Schuster Adult Publishing Group,Aug-95,288
420,Word Virus,William S. Burroughs,"William S. Burroughs, James Grauerholz (Editor), Ira Silverberg (Editor), Ira Silverberg (Editor), James Grauerholz",080213694X,Paperback,"Grove/Atlantic, Inc.",Jun-00,576
421,American Fantastic Tales: Terror and the Uncanny from the 1940s to Now,Peter Straub,Peter Straub,1598530488,Hardcover,Library of America,Oct-09,750
422,Christmas in Minnesota,Marilyn Ziebarth,"Marilyn Ziebarth (Editor), Brian Horrigan",873515420,Hardcover,Minnesota Historical Society Press,Nov-05,208
423,"Iowa, the Definitive Collection: Classic and Contemporary Readings by Iowans, for Iowans",Zachary Michael Jack,Zachary Michael Jack,1888160381,Paperback,Ice Cube Press,Jun-09,532
424,"Friction, Volume 7: Best Gay Erotic Fiction",Jesse Grant,Jesse Grant,1555838278,Paperback,Alyson Books,Feb-04,368
425,A Kentucky Christmas,George Ella Lyon,"George Ella Lyon (Editor), Harriette Simpson Arnow, Dianne Aprile",813122791,Hardcover,University Press of Kentucky,Oct-03,
426,The Little Big Book of California,Natasha Tabori Fried,"Natasha Tabori Fried (Editor), Lena Tabori",1932183701,Hardcover,Welcome Enterprises,Apr-05,352
427,New Playwrights: The Best Plays of 2005,D. L. Lepidus,"D. L. Lepidus (Editor), Brian Mori",1575254468,Paperback,"Smith & Kraus, Inc.",May-06,352
428,Tenderheaded: A Comb-Bending Collection of Hair Stories,Juliette Harris,"Juliette Harris (Editor), Pamela Johnson, Ntozake Shange",671047566,Paperback,Simon & Schuster Adult Publishing Group,Jan-02,320
429,The Classic Hundred Poems: All-Time Favorites,William Harmon,"William Harmon (Editor), Various, Ensemble cast",1598875787,Compact Disc,HighBridge Company,Dec-07,
430,The Best of Bamboo Ridge,Eric Chock,"Eric Chock, Darrell H. Y. Lum, Lum Darrell H. Y.",910043078,Paperback,Bamboo Ridge Press,Jul-86,325
431,Inlandia,Gayle Wattawa,"Gayle Wattawa (Editor), Susan Straight",1597140376,Paperback,Heyday Books,Oct-06,448
432,Literary Savannah,Patrick Allen,Patrick Allen,189251401X,Paperback,"Hill Street Press, LLC",Jul-06,
433,"New Oxford Book of American Verse, Vol. 1",Richard Ellmann,"Richard Ellmann, Oxford",195020588,Hardcover,"Oxford University Press, USA",Oct-76,1136
434,Caroling Dusk,Countee Cullen,"Countee Cullen (Editor), Countee Cullen",806513497,Paperback,Kensington Publishing Corporation,Jan-93,264
435,Literary Fort Worth,Judy Alter,"Judy Alter (Editor), James Ward Lee",875652530,Paperback,Texas Christian University Press,May-02,442
436,A River Through Illinois,Daniel V. Overturf,"Daniel V. Overturf, Gary Marx, Bill Kurtis",809327635,Hardcover,Southern Illinois University Press,Apr-08,256
437,"Don't Squat With Yer Spurs On! II, Vol. 2",Texas Bix Bender,"Texas Bix Bender, L. Bark'karie",879058323,Paperback,"Smith, Gibbs Publisher",Sep-97,128
438,The Maine Reader: The Down East Experience from 1614 to the Present,Charles Shain,"Charles Shain, Samuella Shain",1567920780,Paperback,"Godine, David R. Publishers, Inc.",Jan-97,524
439,Florida Frenzy,Harry E. Crews,Harry E. Crews,813007267,Paperback,University Press of Florida,Jun-82,138
440,Starting Today: 100 Poems for Obama's First 100 Days,Rachel Zucker,"Rachel Zucker (Editor), Arielle Greenberg",1587298716,Paperback,University of Iowa Press,Apr-10,210
441,Chattooga: Descending into the Myth of Deliverance River,John Lane,John Lane,820327751,Paperback,University of Georgia Press,Sep-05,224
442,All Things Censored [With CD],Mumia Abu-Jamal,"Mumia Abu-Jamal, Noelle Hanrahan (Editor), Alice Walker",1583220224,Hardcover,Seven Stories Press,Jul-03,304
443,Listen Here: Women Writing in Appalachia,Sandra L. Ballard,"Sandra L. Ballard (Editor), Patricia L. Hudson",813190665,Paperback,University Press of Kentucky,Aug-04,712
444,The Flu Season and Other Plays,Will Eno,Will Eno,155936291X,Paperback,Theatre Communications Group,Dec-06,240
445,Solomon Northup's Twelve Years a Slave: And Plantation Life in the Antebellum South,Solomon Northup,"Solomon Northup, Sue L. Eakin, University of Louisiana at Lafayette, Center for Louisiana Studies Staff",188736675X,Hardcover,University of Louisiana at Lafayette Press,Jan-07,
446,Bamboo among the Oaks: Contemporary Writing by Hmong Americans,Mai Neng Moua,Mai Neng Moua,873514378,Paperback,Minnesota Historical Society Press,Oct-02,
447,Poets of the Civil War,J. D. McClatchy,J. D. McClatchy,1931082766,Hardcover,Library of America,Apr-05,250
448,The Book of American Negro Poetry,James Weldon Johnson,"James Weldon Johnson, James W. Johnson",156135396,Paperback,Houghton Mifflin Harcourt,Oct-69,
449,"Slave Narratives: James Albert Ukawsaw Gronniosaw, Olaudah Equiano, Nat Turner, Frederick Douglass, William Wells Brown, Henry Bibb, Sojourner Truth, William and Ellen Craft, Harriet A. Jacobs, Jacob D. Green (Library of America)",William L. Andrews,"William L. Andrews, Henry Louis Gates Jr.",1883011760,Hardcover,Library of America,Jan-00,992
450,Denali: A Literary Anthology,Bill Sherwonit,Bill Sherwonit,089886710X,Paperback,"Mountaineers Books, The",Oct-00,272
451,The Best American Poetry 2005,Paul Muldoon,"Paul Muldoon (Editor), David Lehman",743257588,Paperback,Simon & Schuster Adult Publishing Group,Sep-05,224
452,"Who's to Say What's Obscene?: Politics, Culture, and Comedy in America Today",Paul Krassner,"Paul Krassner, Arianna Huffington (Foreword by), Wavy Gravy",872865010,Paperback,City Lights Books,Jul-09,240
453,Impossible Princess,Kevin Killian,Kevin Killian,872865282,Paperback,City Lights Books,Nov-09,200
454,This Bridge We Call Home: Radical Visions for Transformation,Gloria E. Anzaldua,"Gloria E. Anzaldua (Editor), AnaLouise Keating (Editor), Analouise Keating (Editor), Analouise Keating",415936829,Paperback,"Taylor & Francis, Inc.",Sep-02,624
455,Our Own Stories: Readings for Cross-Cultural Communication,Norine Dresser,Norine Dresser,201846705,Paperback,Longman Publishing Group,Aug-95,161
456,Sky Begins at Your Feet,Caryn Mirriam-Goldberg,Caryn Mirriam-Goldberg,1888160438,Paperback,Ice Cube Press,Sep-09,242
457,Hot Biscuits: Eighteen Stories by Women and Men of the Ranching West,Max Evans,"Max Evans (Editor), Candy Moulton",082632889X,Hardcover,University of New Mexico Press,Jul-02,
458,Santa Fe Nativa: A Collection of Nuevomexicano Writing,Rosalie C. Otero,"Rosalie C. Otero (Editor), Enrique R. Lamadrid (Editor), A. Gabriel Melendez (Editor), Miguel A. Gandert",826348181,Hardcover,University of New Mexico Press,Nov-09,244
459,Literary Austin,Don Graham,Don Graham,875653421,Hardcover,Texas Christian University Press,Apr-07,
460,The Best American Short Plays 2004-2005,Barbara Parisi,Barbara Parisi,1557837120,Paperback,Applause Theatre and Cinema Books,Aug-08,332
461,En Otra Voz: Antolog&#237;a de Literatura Hispana de los Estados Unidos,Nicolas Kanellos,"Nicolas Kanellos (Editor), Jose B. Fernandez (With), Kenya Dworkin-Mendez",1558853464,Paperback,Arte Publico Press,Aug-02,608
462,Common Wealth,Marjorie Maddox,"Marjorie Maddox (Editor), Jerry Wemple",271027215,Paperback,Penn State University Press,Oct-05,288
463,American Satire,Nicholas Bakalar,"Nicholas Bakalar, Stephen Koch",452011744,Paperback,Penguin Group (USA),Apr-97,480
464,"Appalachia inside Out, Vol. 2",Robert J. Higgs,"Robert J. Higgs (Editor), Jim W. Miller (Editor), Ambrose N. Manning",870498762,Paperback,University of Tennessee Press,Nov-95,432
465,New Stories from the Southwest,D. Seth Horton,"D. Seth Horton (Editor), Ray Gonzalez",804011079,Paperback,Ohio University Press,Dec-07,288
466,Writing New England: An Anthology from the Puritans to the Present,Andrew Delbanco,Andrew Delbanco,674006038,Hardcover,Harvard University Press,Oct-01,512
467,Crazy Woman Creek: Women Rewrite the American West,Nancy Curtis,"Nancy Curtis (Adapted by), Nancy Curtis (Editor), Gaydell Collier",618249338,Paperback,Houghton Mifflin Harcourt,May-04,336
468,Circle of Women: An Anthology of Contemporary Western Women Writers,Kim Barnes,"Kim Barnes (Editor), Mary Clearman Blew",806133678,Paperback,University of Oklahoma Press,Nov-01,416
469,The Portable Western Reader,Various,"Various, William Kittredge",140230262,Paperback,Penguin Group (USA),Jul-97,624
470,African-American Literature: A Brief Introduction and Anthology,Al Young,"Al Young, Robert Young",673990176,Paperback,Longman,Jan-97,500
471,El Coro,Martin Espada,Martin Espada,1558491112,Paperback,University of Massachusetts Press,Dec-97,184
472,"Off Off Broadway Festival Plays, 34th Series",Various,Various,573697558,Paperback,"Samuel French, Incorporated",Feb-10,116
473,American Wits: An Anthology of Light Verse,VARIOUS,VARIOUS,1931082499,Hardcover,Library of America,Oct-03,200
474,Out on the Porch: An Evocation in Words and Pictures,Reynolds Price,"Reynolds Price, Clifton Dowell (Editor), Reynolds Price",945575939,Hardcover,Algonquin Books of Chapel Hill,Jan-92,128
475,30 Satires,Lewis H. Lapham,Lewis H. Lapham,1565849868,Paperback,"New Press, The",Apr-05,
476,Literary Mama: Reading for the Maternally Inclined,Andrea J. Buchanan,"Andrea J. Buchanan, Amy Hudock",1580051588,Paperback,Avalon Publishing Group,Jan-06,271
477,"In So Many More Words: Arguments and Adventures, Second Edition",Robert Schmuhl,Robert Schmuhl,268041342,Paperback,University of Notre Dame Press,Sep-10,288
478,Georgia Cowboy Poets,David Fillingim,David Fillingim,881461830,Paperback,Mercer University Press,Mar-10,224
479,Decolonial Voices: Chicana and Chicano Cultural Studies in the 21st Century,Arturo J. Aldama,"Arturo J. Aldama, Naomi Qui?onez",253214920,Paperback,Indiana University Press,Mar-02,432
480,More Mirth of a Nation: The Best Contemporary Humor,Michael J. Rosen,"Michael J. Rosen, Michael J. Rosen",60953225,Paperback,HarperCollins Publishers,Nov-02,
481,New Playwrights: The Best Plays of 2003,D. L. Lepidus,"D. L. Lepidus (Editor), Frances Hill",1575253860,Paperback,"Smith & Kraus, Inc.",Nov-05,328
482,American Reader,Kathy-jo Wargin,"Kathy-jo Wargin, Kathryn Darnell (Illustrator), K. L. Darnell",1585360953,Paperback,Sleeping Bear Press,Sep-06,96
483,Every Shut Eye Ain't Asleep; An Anthology of Poetry by African Americans since 1945,Michael S. Harper,"Michael S. Harper, Anthony Walton",316347108,Paperback,Hachette Book Group,Feb-94,344
484,Moment's Notice: Jazz in Poetry and Prose,Art Lange,"Art Lange (Editor), Nathaniel Mackey",1566890012,Hardcover,Coffee House Press,Jul-92,384
485,Literary Nashville,Patrick Allen,"Patrick Allen, Madison Jones (Foreword by), Parke Godwin",1892514117,Paperback,"Hill Street Press, LLC",Nov-99,
486,Screaming Monkeys: Critiques of Asian American Images,M. Evelina Galang,"M. Evelina Galang (Editor), Eileen Tabios",1566891418,Paperback,Coffee House Press,Jul-03,500
487,Imagination And Spirit,J. Brent Bill,"J. Brent Bill (Editor), Shari Pickett Veach (Designed by), C. Michael Curtis (Foreword by), J. Brent Bill",944350615,Paperback,Friends United Press,Feb-06,292
488,"Writings: The Autobiography of an Ex-Colored Man, Along This Way, Essays and Editorials, Selected Poems",James Weldon Johnson,"James Weldon Johnson, William L. Andrews",1931082529,Hardcover,Library of America,Jan-04,828
489,Quixotic Fictions of the USA 1792-1815,Sarah Florence Wood,Sarah Florence Wood,199273154,Hardcover,"Oxford University Press, USA",Jan-06,320
490,"Roots of African American Drama: An Anthology of Early Plays, 1858-1938",Leo Hamalian,"Leo Hamalian (Editor), James Vernon Hatch (Editor), George C. Wolfe",814321429,Paperback,Wayne State University Press,Dec-92,
491,The Floating Borderlands: Twenty-Five Years of U.S. Hispanic Literature,Lauro Flores,Lauro Flores,295977469,Paperback,University of Washington Press,Dec-98,446
492,Classic Plays from the Negro Ensemble Company,Paul Carter Harrison,"Paul Carter Harrison (Editor), Gus (Eds.) Edwards, Gus Edwards",822955601,Paperback,University of Pittsburgh Press,Oct-95,594
493,Mississippi Writers: An Anthology,Dorothy Abbott,Dorothy Abbott,878054790,Hardcover,University Press of Mississippi,Jun-91,
494,Bombshells: War Stories and Poems by Women on the Homefront,Missy Martin,"Missy Martin (Editor), Jesse Loren",978848934,Paperback,"OmniArts, LLC",Jan-07,163
495,At Home on the Earth: Becoming Native to Our Place,David Landis Barnhill,"David Landis Barnhill (Editor), Alice Walker, Gary Snyder",520216849,Paperback,University of California Press,Aug-99,341
496,Wines in the Wilderness: Plays by African American Women from the Harlem Renaissance to the Present,Elizabeth Brown-Guillory,"Elizabeth Brown-Guillory (Compiler), Elizabeth Brown-Guillory",275935671,Paperback,"Greenwood Publishing Group, Incorporated",Aug-90,272
497,Stand Up Poetry: An Expanded Anthology,Charles Harper Webb,Charles Harper Webb,877457956,Paperback,University of Iowa Press,Jan-02,348
498,First Thought Best Thought,Allen Ginsberg,"Allen Ginsberg, William S. Burroughs, Diane Di Prima",159179188X,Compact Disc,"Sounds True, Incorporated",Aug-04,
499,For She Is the Tree of Life: Grandmothers Through the Eyes of Women Writers,Valerie Kack-Brice,Valerie Kack-Brice,1573240370,Paperback,Red Wheel/Weiser,May-96,
500,White Lines: Writers on Cocaine,Geno Zanetti,"Geno Zanetti (Editor), Stephen Hyde (Editor), Terry Southern (Contribution by), Richard Rudgley",1560253789,Paperback,Running Press Book Publishers,Dec-02,352